{
    "rmse": 0.7323178813493066,
    "mae": 0.5656527441864545,
    "r2": 0.22890826934974318
}